{
  "__type__": "cc.SpriteFrame",
  "content": {
    "name": "energybar",
    "atlas": "",
    "rect": {
      "x": 1,
      "y": 2,
      "width": 130,
      "height": 18
    },
    "offset": {
      "x": 0,
      "y": 1
    },
    "originalSize": {
      "width": 132,
      "height": 24
    },
    "rotated": false,
    "capInsets": [
      0,
      0,
      0,
      0
    ],
    "vertices": {
      "rawPosition": [
        -65,
        -9,
        0,
        65,
        -9,
        0,
        -65,
        9,
        0,
        65,
        9,
        0
      ],
      "indexes": [
        0,
        1,
        2,
        2,
        1,
        3
      ],
      "uv": [
        1,
        22,
        131,
        22,
        1,
        4,
        131,
        4
      ],
      "nuv": [
        0.007575757575757576,
        0.16666666666666666,
        0.9924242424242424,
        0.16666666666666666,
        0.007575757575757576,
        0.9166666666666666,
        0.9924242424242424,
        0.9166666666666666
      ],
      "minPos": {
        "x": -65,
        "y": -9,
        "z": 0
      },
      "maxPos": {
        "x": 65,
        "y": 9,
        "z": 0
      }
    },
    "texture": "bf89e619-eb3c-46be-b89f-d0d618e6d05e@6c48a",
    "packable": true,
    "pixelsToUnit": 100,
    "pivot": {
      "x": 0.5,
      "y": 0.5
    },
    "meshType": 0
  }
}