{
  "__type__": "cc.SpriteFrame",
  "content": {
    "name": "iceCreamCone2",
    "atlas": "",
    "rect": {
      "x": 11,
      "y": 0,
      "width": 68,
      "height": 90
    },
    "offset": {
      "x": 0,
      "y": 0
    },
    "originalSize": {
      "width": 90,
      "height": 90
    },
    "rotated": false,
    "capInsets": [
      0,
      0,
      0,
      0
    ],
    "vertices": {
      "rawPosition": [
        -34,
        -45,
        0,
        34,
        -45,
        0,
        -34,
        45,
        0,
        34,
        45,
        0
      ],
      "indexes": [
        0,
        1,
        2,
        2,
        1,
        3
      ],
      "uv": [
        11,
        90,
        79,
        90,
        11,
        0,
        79,
        0
      ],
      "nuv": [
        0.12222222222222222,
        0,
        0.8777777777777778,
        0,
        0.12222222222222222,
        1,
        0.8777777777777778,
        1
      ],
      "minPos": {
        "x": -34,
        "y": -45,
        "z": 0
      },
      "maxPos": {
        "x": 34,
        "y": 45,
        "z": 0
      }
    },
    "texture": "a5d53d10-d537-446f-ad12-33168222679d@6c48a",
    "packable": true,
    "pixelsToUnit": 100,
    "pivot": {
      "x": 0.5,
      "y": 0.5
    },
    "meshType": 0
  }
}