{
  "__type__": "cc.SpriteFrame",
  "content": {
    "name": "rounded_24",
    "atlas": "",
    "rect": {
      "x": 23,
      "y": 24,
      "width": 56,
      "height": 54
    },
    "offset": {
      "x": 0,
      "y": 0
    },
    "originalSize": {
      "width": 102,
      "height": 102
    },
    "rotated": false,
    "capInsets": [
      0,
      0,
      0,
      0
    ],
    "vertices": {
      "rawPosition": [
        -28,
        -27,
        0,
        28,
        -27,
        0,
        -28,
        27,
        0,
        28,
        27,
        0
      ],
      "indexes": [
        0,
        1,
        2,
        2,
        1,
        3
      ],
      "uv": [
        23,
        78,
        79,
        78,
        23,
        24,
        79,
        24
      ],
      "nuv": [
        0.22549019607843138,
        0.23529411764705882,
        0.7745098039215687,
        0.23529411764705882,
        0.22549019607843138,
        0.7647058823529411,
        0.7745098039215687,
        0.7647058823529411
      ],
      "minPos": {
        "x": -28,
        "y": -27,
        "z": 0
      },
      "maxPos": {
        "x": 28,
        "y": 27,
        "z": 0
      }
    },
    "texture": "90e5b496-a0df-4fb9-ba4b-d587cdc5c863@6c48a",
    "packable": true,
    "pixelsToUnit": 100,
    "pivot": {
      "x": 0.5,
      "y": 0.5
    },
    "meshType": 0
  }
}